,Area per package (m2),Total area (km2),Required st (y),#packages per GWe.y
3.0,0.0,0.0,410.0,2.289980550850116
5.0,0.0,0.0,410.0,2.289980550850116
10.0,0.0,0.0,410.0,2.289980550850116
20.0,0.0,0.0,410.0,2.289980550850116
50.0,0.0,0.0,410.0,2.289980550850116
100.0,0.0,0.0,410.0,2.289980550850116
