,"Minimum,m^2",n_wf,#packages per GWe.y,Decay heat (W/Pkg)
Ref_PWR,1140.4228051262999,1,48.089591567852445,285.42354682385195
SPWR,957.8207969018,4,40.07465963987703,262.138866037352
HTGR,757.0398293358,42,31.578765227021044,329.1415194777318
HPR,951.5733376516,42,38.27729118426793,336.20009636585905
HTGR_FCM,1472.2696663415,18,36.23102090083222,463.0187433233081
SFR,850.6713448462,3,25.74628971277016,299.242444906611
